date_prediction,y_true,y_pred,signal_filtered,signal_executed,trade_return,cumulative_return
2023-01-03,2,2,2,2,0.01855062511822735,1.0185506251182272
2023-01-04,2,2,2,1,0.0,1.0185506251182272
2023-01-05,2,0,1,1,0.0,1.0185506251182272
2023-01-06,2,2,2,2,0.019134402323443888,1.0380399825660347
2023-01-09,2,2,2,1,0.0,1.0380399825660347
2023-01-10,2,2,1,1,0.0,1.0380399825660347
2023-01-11,1,1,1,1,0.0,1.0380399825660347
2023-01-12,0,2,2,2,0.001958251588838389,1.0400727260111724
2023-01-13,0,2,1,1,0.0,1.0400727260111724
2023-01-17,1,2,2,1,0.0,1.0400727260111724
2023-01-18,2,2,2,2,0.02314919561530444,1.064149572999748
2023-01-19,2,2,2,1,0.0,1.064149572999748
2023-01-20,2,2,2,1,0.0,1.064149572999748
2023-01-23,2,2,2,2,0.010104923480161909,1.0749027230063577
2023-01-24,2,2,1,1,0.0,1.0749027230063577
2023-01-25,1,2,2,1,0.0,1.0749027230063577
2023-01-26,1,1,1,1,0.0,1.0749027230063577
2023-01-27,2,2,2,2,0.011951648334248385,1.0877495823452557
2023-01-30,2,2,2,1,0.0,1.0877495823452557
2023-01-31,2,2,2,1,0.0,1.0877495823452557
2023-02-01,1,0,1,1,0.0,1.0877495823452557
2023-02-02,1,0,1,1,0.0,1.0877495823452557
2023-02-03,1,0,1,1,0.0,1.0877495823452557
2023-02-06,1,2,2,2,-0.007195208452006368,1.0799229973566986
2023-02-07,0,2,2,1,0.0,1.0799229973566986
2023-02-08,1,2,2,1,0.0,1.0799229973566986
2023-02-09,2,2,2,2,0.013384756293642044,1.0943775034922174
2023-02-10,2,2,2,1,0.0,1.0943775034922174
2023-02-13,0,2,2,1,0.0,1.0943775034922174
2023-02-14,0,2,2,2,-0.013790619863970248,1.0792853593538754
2023-02-15,0,2,2,1,0.0,1.0792853593538754
2023-02-16,0,2,2,1,0.0,1.0792853593538754
2023-02-17,0,2,2,2,-0.021583254393880567,1.05599086887935
2023-02-21,1,2,2,1,0.0,1.05599086887935
2023-02-22,1,2,2,1,0.0,1.05599086887935
2023-02-23,0,2,2,2,-0.01051017000068697,1.0448922253282549
2023-02-24,1,2,2,1,0.0,1.0448922253282549
2023-02-27,1,2,2,1,0.0,1.0448922253282549
2023-02-28,2,2,2,2,0.019014392930052845,1.0647602166702035
2023-03-01,2,2,2,1,0.0,1.0647602166702035
2023-03-02,1,2,2,1,0.0,1.0647602166702035
2023-03-03,0,2,2,2,-0.01325621761612693,1.0506455235290288
2023-03-06,0,2,2,1,0.0,1.0506455235290288
2023-03-07,0,2,1,1,0.0,1.0506455235290288
2023-03-08,0,2,2,2,-0.034130675941867035,1.0147862816356863
2023-03-09,1,2,2,1,0.0,1.0147862816356863
2023-03-10,1,2,2,1,0.0,1.0147862816356863
2023-03-13,2,2,2,2,0.027107501314015476,1.0422946020985704
2023-03-14,1,2,2,1,0.0,1.0422946020985704
2023-03-15,2,2,2,1,0.0,1.0422946020985704
2023-03-16,2,2,2,2,0.010754312214176083,1.0535037636686888
2023-03-17,1,2,2,1,0.0,1.0535037636686888
2023-03-20,1,2,2,1,0.0,1.0535037636686888
2023-03-21,1,2,2,2,-0.007964317107427068,1.0451133256209635
2023-03-22,2,2,2,1,0.0,1.0451133256209635
2023-03-23,1,2,2,1,0.0,1.0451133256209635
2023-03-24,2,2,2,2,0.01430879163611827,1.0600676344334043
2023-03-27,2,2,2,1,0.0,1.0600676344334043
2023-03-28,2,2,2,1,0.0,1.0600676344334043
2023-03-29,2,2,2,2,0.024008010711659842,1.0855177495559654
2023-03-30,2,2,2,1,0.0,1.0855177495559654
2023-03-31,1,2,2,1,0.0,1.0855177495559654
2023-04-03,1,2,2,2,-0.004725348514430456,1.0803882998707133
2023-04-04,1,2,2,1,0.0,1.0803882998707133
2023-04-05,1,2,2,1,0.0,1.0803882998707133
2023-04-06,1,2,2,2,0.0009549093198935516,1.0814199727273637
2023-04-10,2,2,2,1,0.0,1.0814199727273637
2023-04-11,1,0,1,1,0.0,1.0814199727273637
2023-04-12,2,2,1,1,0.0,1.0814199727273637
2023-04-13,1,0,1,1,0.0,1.0814199727273637
2023-04-14,1,2,1,1,0.0,1.0814199727273637
2023-04-17,1,0,1,1,0.0,1.0814199727273637
2023-04-18,1,0,1,1,0.0,1.0814199727273637
2023-04-19,1,0,1,1,0.0,1.0814199727273637
2023-04-20,0,2,2,2,-0.01408307824365882,1.0661902506371888
2023-04-21,0,0,0,1,0.0,1.0661902506371888
2023-04-24,1,0,1,1,0.0,1.0661902506371888
2023-04-25,2,2,2,2,0.024032169050851825,1.0918131149808716
2023-04-26,2,2,2,1,0.0,1.0918131149808716
2023-04-27,1,2,2,1,0.0,1.0918131149808716
2023-04-28,0,2,2,2,-0.018882445973490165,1.0711970128240973
2023-05-01,0,2,2,1,0.0,1.0711970128240973
2023-05-02,1,1,1,1,0.0,1.0711970128240973
2023-05-03,2,2,1,1,0.0,1.0711970128240973
2023-05-04,2,2,1,1,0.0,1.0711970128240973
2023-05-05,1,2,2,2,0.00033608624206708977,1.071557027402651
2023-05-08,1,2,2,1,0.0,1.071557027402651
2023-05-09,1,2,2,1,0.0,1.071557027402651
2023-05-10,1,2,2,2,-0.0003287747405647491,1.0712047265189664
2023-05-11,1,2,2,1,0.0,1.0712047265189664
2023-05-12,2,2,2,1,0.0,1.0712047265189664
2023-05-15,2,2,2,2,0.014933714047323954,1.0872017915909424
2023-05-16,2,2,2,1,0.0,1.0872017915909424
2023-05-17,2,2,2,1,0.0,1.0872017915909424
2023-05-18,0,2,1,1,0.0,1.0872017915909424
2023-05-19,0,2,1,1,0.0,1.0872017915909424
2023-05-22,0,2,2,2,-0.009862568080660515,1.0764791899039607
2023-05-23,2,2,1,1,0.0,1.0764791899039607
2023-05-24,2,2,1,1,0.0,1.0764791899039607
2023-05-25,1,2,2,2,0.0130659067039873,1.0905443665680297
2023-05-26,1,2,2,1,0.0,1.0905443665680297
2023-05-30,2,2,2,1,0.0,1.0905443665680297
2023-05-31,2,2,2,2,0.022479373367170187,1.1150591205575766
2023-06-01,2,2,2,1,0.0,1.1150591205575766
2023-06-02,1,2,1,1,0.0,1.1150591205575766
2023-06-05,1,0,0,0,-0.004712476872908793,1.109804430240023
2023-06-06,1,2,2,1,0.0,1.109804430240023
2023-06-07,2,2,2,1,0.0,1.109804430240023
2023-06-08,2,0,1,1,0.0,1.109804430240023
2023-06-09,2,2,2,2,0.017151054654866816,1.1288387466792829
2023-06-12,2,1,1,1,0.0,1.1288387466792829
2023-06-13,2,1,1,1,0.0,1.1288387466792829
2023-06-14,1,1,1,1,0.0,1.1288387466792829
2023-06-15,0,1,1,1,0.0,1.1288387466792829
2023-06-16,1,1,1,1,0.0,1.1288387466792829
2023-06-20,0,1,1,1,0.0,1.1288387466792829
2023-06-21,0,2,2,2,-0.008445427339629991,1.1193052210660441
2023-06-22,1,2,2,1,0.0,1.1193052210660441
2023-06-23,1,2,2,1,0.0,1.1193052210660441
2023-06-26,2,2,2,2,0.015620912843075846,1.1367897903691164
2023-06-27,2,2,2,1,0.0,1.1367897903691164
2023-06-28,2,2,2,1,0.0,1.1367897903691164
2023-06-29,2,2,2,2,0.013454045348525847,1.1520842117604837
2023-06-30,0,0,0,1,0.0,1.1520842117604837
2023-07-03,0,1,1,1,0.0,1.1520842117604837
2023-07-05,0,1,1,1,0.0,1.1520842117604837
2023-07-06,1,1,1,1,0.0,1.1520842117604837
2023-07-07,2,2,2,2,0.016642598276177843,1.1712578864771404
2023-07-10,2,2,2,1,0.0,1.1712578864771404
2023-07-11,2,2,2,1,0.0,1.1712578864771404
2023-07-12,2,2,2,2,0.011321124701167728,1.1845178430671743
2023-07-13,2,1,1,1,0.0,1.1845178430671743
2023-07-14,2,2,1,1,0.0,1.1845178430671743
2023-07-17,1,2,1,1,0.0,1.1845178430671743
2023-07-18,1,2,1,1,0.0,1.1845178430671743
2023-07-19,1,1,1,1,0.0,1.1845178430671743
2023-07-20,1,0,0,0,-0.007186499923444782,1.176005305678653
2023-07-21,1,1,1,1,0.0,1.176005305678653
2023-07-24,1,0,1,1,0.0,1.176005305678653
2023-07-25,1,0,1,1,0.0,1.176005305678653
2023-07-26,1,0,0,0,-0.004863406347511907,1.1702859140103077
2023-07-27,2,0,0,1,0.0,1.1702859140103077
2023-07-28,0,0,0,1,0.0,1.1702859140103077
2023-07-31,0,0,0,0,0.01897375984099066,1.1924906378880336
2023-08-01,0,0,0,1,0.0,1.1924906378880336
2023-08-02,1,0,0,1,0.0,1.1924906378880336
2023-08-03,1,2,2,2,-0.0005575999924510874,1.191825705117349
2023-08-04,1,0,0,1,0.0,1.191825705117349
2023-08-07,0,2,2,1,0.0,1.191825705117349
2023-08-08,1,2,2,2,-0.007852210536825279,1.1824672387575674
2023-08-09,1,2,1,1,0.0,1.1824672387575674
2023-08-10,1,2,1,1,0.0,1.1824672387575674
2023-08-11,0,0,0,0,0.013377925689760668,1.1982861976082426
2023-08-14,0,2,1,1,0.0,1.1982861976082426
2023-08-15,0,0,1,1,0.0,1.1982861976082426
2023-08-16,1,0,1,1,0.0,1.1982861976082426
2023-08-17,1,2,1,1,0.0,1.1982861976082426
2023-08-18,2,0,1,1,0.0,1.1982861976082426
2023-08-21,1,0,0,0,0.005332088003090538,1.2046755650667784
2023-08-22,1,0,0,1,0.0,1.2046755650667784
2023-08-23,1,1,1,1,0.0,1.2046755650667784
2023-08-24,2,2,1,1,0.0,1.2046755650667784
2023-08-25,2,0,0,0,-0.024776972886969523,1.174827351253524
2023-08-28,2,2,1,1,0.0,1.174827351253524
2023-08-29,1,0,0,1,0.0,1.174827351253524
2023-08-30,1,0,0,0,-0.00019931965270145722,1.174593185073888
2023-08-31,0,0,0,1,0.0,1.174593185073888
2023-09-01,0,0,0,1,0.0,1.174593185073888
2023-09-05,0,0,0,0,0.008748350074727119,1.1848689374523032
2023-09-06,1,0,0,1,0.0,1.1848689374523032
2023-09-07,1,1,1,1,0.0,1.1848689374523032
2023-09-08,1,2,1,1,0.0,1.1848689374523032
2023-09-11,1,2,2,2,0.003930984760266184,1.189526639188341
2023-09-12,1,2,2,1,0.0,1.189526639188341
2023-09-13,1,2,2,1,0.0,1.189526639188341
2023-09-14,0,2,2,2,-0.013573483611510175,1.1733806188458633
2023-09-15,0,2,2,1,0.0,1.1733806188458633
2023-09-18,0,2,1,1,0.0,1.1733806188458633
2023-09-19,0,2,2,2,-0.027878381006481556,1.1406686668880572
2023-09-20,0,2,1,1,0.0,1.1406686668880572
2023-09-21,0,2,2,1,0.0,1.1406686668880572
2023-09-22,0,1,1,1,0.0,1.1406686668880572
2023-09-25,0,2,1,1,0.0,1.1406686668880572
2023-09-26,1,2,2,2,0.0033976642871857542,1.1445442760810547
2023-09-27,1,2,2,1,0.0,1.1445442760810547
2023-09-28,0,2,2,1,0.0,1.1445442760810547
2023-09-29,1,2,2,2,-0.005666866243236392,1.1380582967590416
2023-10-02,1,2,2,1,0.0,1.1380582967590416
2023-10-03,2,2,2,1,0.0,1.1380582967590416
2023-10-04,2,2,2,2,0.01049545587804163,1.1500027373993154
2023-10-05,2,2,1,1,0.0,1.1500027373993154
2023-10-06,2,2,2,1,0.0,1.1500027373993154
2023-10-10,1,2,2,2,-0.006989162501529296,1.1419651813904281
2023-10-11,1,2,2,1,0.0,1.1419651813904281
2023-10-12,1,2,2,1,0.0,1.1419651813904281
2023-10-13,1,2,2,2,-0.003045369254971036,1.1384874757367742
2023-10-16,0,2,2,1,0.0,1.1384874757367742
2023-10-17,0,0,1,1,0.0,1.1384874757367742
2023-10-18,0,2,2,2,-0.022611610899176023,1.1127444399218291
2023-10-19,1,2,2,1,0.0,1.1127444399218291
2023-10-20,0,2,2,1,0.0,1.1127444399218291
2023-10-23,0,2,2,2,-0.01892561082049692,1.0916850717091968
2023-10-24,0,2,1,1,0.0,1.0916850717091968
2023-10-25,1,2,1,1,0.0,1.0916850717091968
2023-10-26,2,2,2,2,0.013673357412038432,1.1066120718760635
2023-10-27,2,2,2,1,0.0,1.1066120718760635
2023-10-30,2,2,2,1,0.0,1.1066120718760635
2023-10-31,2,2,2,2,0.03923411863355759,1.1500290211853759
2023-11-01,2,2,2,1,0.0,1.1500290211853759
2023-11-02,2,2,2,1,0.0,1.1500290211853759
2023-11-03,1,2,1,1,0.0,1.1500290211853759
2023-11-06,1,2,2,2,-0.004267056398756052,1.1451217824917717
2023-11-07,2,2,2,1,0.0,1.1451217824917717
2023-11-08,1,2,2,1,0.0,1.1451217824917717
2023-11-09,2,2,2,2,0.0341242583007586,1.184198213983346
2023-11-10,2,2,2,1,0.0,1.184198213983346
2023-11-13,2,2,2,1,0.0,1.184198213983346
2023-11-14,1,2,1,1,0.0,1.184198213983346
2023-11-15,2,0,0,0,-0.009882564305092075,1.1724952989836805
2023-11-16,1,0,0,1,0.0,1.1724952989836805
2023-11-17,2,1,1,1,0.0,1.1724952989836805
2023-11-20,1,0,0,0,-0.0020319908635574617,1.1701127992485816
2023-11-21,1,1,1,1,0.0,1.1701127992485816
2023-11-22,1,1,1,1,0.0,1.1701127992485816
2023-11-24,1,1,1,1,0.0,1.1701127992485816
2023-11-27,1,1,1,1,0.0,1.1701127992485816
2023-11-28,2,1,1,1,0.0,1.1701127992485816
2023-11-29,1,2,1,1,0.0,1.1701127992485816
2023-11-30,1,0,1,1,0.0,1.1701127992485816
2023-12-01,0,2,1,1,0.0,1.1701127992485816
2023-12-04,1,1,1,1,0.0,1.1701127992485816
2023-12-05,2,2,1,1,0.0,1.1701127992485816
2023-12-06,2,2,2,2,0.016068286865110065,1.1889145073714447
2023-12-07,2,2,2,1,0.0,1.1889145073714447
2023-12-08,2,2,1,1,0.0,1.1889145073714447
2023-12-11,2,2,1,1,0.0,1.1889145073714447
2023-12-12,2,0,0,0,-0.01625637808615461,1.1695870636275
2023-12-13,1,0,0,1,0.0,1.1695870636275
2023-12-14,2,0,0,1,0.0,1.1695870636275
2023-12-15,1,0,0,0,0.004415979015201501,1.1747519355569302
2023-12-18,1,0,0,1,0.0,1.1747519355569302
2023-12-19,1,0,0,1,0.0,1.1747519355569302
2023-12-20,2,0,0,0,-0.011978627387585464,1.160680019848049
2023-12-21,1,2,1,1,0.0,1.160680019848049
2023-12-22,1,0,0,1,0.0,1.160680019848049
2023-12-26,1,1,1,1,0.0,1.160680019848049
2023-12-27,0,1,1,1,0.0,1.160680019848049
2023-12-28,0,1,1,1,0.0,1.160680019848049
2023-12-29,0,1,1,1,0.0,1.160680019848049
2024-01-02,0,0,0,0,0.009612371305535617,1.1718369071657448
2024-01-03,2,0,0,1,0.0,1.1718369071657448
2024-01-04,2,2,2,1,0.0,1.1718369071657448
2024-01-05,2,0,0,0,-0.018353321660366562,1.1503298074750428
2024-01-08,1,0,0,1,0.0,1.1503298074750428
2024-01-09,1,0,0,1,0.0,1.1503298074750428
2024-01-10,1,0,1,1,0.0,1.1503298074750428
2024-01-11,0,0,0,0,0.0029831667880839212,1.1537614331520454
2024-01-12,1,0,0,1,0.0,1.1537614331520454
2024-01-16,2,0,0,1,0.0,1.1537614331520454
2024-01-17,2,0,0,0,-0.023468091888832178,1.1266848538210426
2024-01-18,2,0,0,1,0.0,1.1266848538210426
2024-01-19,1,0,0,1,0.0,1.1266848538210426
2024-01-22,2,0,0,0,-0.009015691162218719,1.1165270111418426
2024-01-23,1,0,0,1,0.0,1.1165270111418426
2024-01-24,2,0,0,1,0.0,1.1165270111418426
2024-01-25,1,0,0,0,-0.006295269793001066,1.1094981723755315
2024-01-26,0,0,0,1,0.0,1.1094981723755315
2024-01-29,1,0,0,1,0.0,1.1094981723755315
2024-01-30,1,0,0,0,-0.006830426778239359,1.1019198263485301
2024-01-31,2,0,0,1,0.0,1.1019198263485301
2024-02-01,2,0,0,1,0.0,1.1019198263485301
2024-02-02,1,0,0,0,-0.007350889930344286,1.093819734992978
2024-02-05,2,0,1,1,0.0,1.093819734992978
2024-02-06,2,0,0,1,0.0,1.093819734992978
2024-02-07,1,0,0,0,-0.005361253887263422,1.0879554896867814
2024-02-08,0,0,0,1,0.0,1.0879554896867814
2024-02-09,1,0,0,1,0.0,1.0879554896867814
2024-02-12,1,1,1,1,0.0,1.0879554896867814
2024-02-13,2,0,1,1,0.0,1.0879554896867814
2024-02-14,1,0,0,0,-0.0009898186455390787,1.0868786110575728
2024-02-15,0,2,2,1,0.0,1.0868786110575728
2024-02-16,2,2,2,1,0.0,1.0868786110575728
2024-02-20,2,2,2,2,0.022769534057636213,1.1116263306085645
2024-02-21,2,2,2,1,0.0,1.1116263306085645
2024-02-22,1,2,2,1,0.0,1.1116263306085645
2024-02-23,1,2,1,1,0.0,1.1116263306085645
2024-02-26,1,2,2,2,0.005274697162899859,1.1174898228608303
2024-02-27,2,2,2,1,0.0,1.1174898228608303
2024-02-28,2,2,1,1,0.0,1.1174898228608303
2024-02-29,1,2,2,2,-0.0034574536121460614,1.1136261536362437
2024-03-01,1,0,0,1,0.0,1.1136261536362437
2024-03-04,1,0,0,1,0.0,1.1136261536362437
2024-03-05,2,2,2,2,0.008868506380350107,1.1235023542850917
2024-03-06,1,2,1,1,0.0,1.1235023542850917
2024-03-07,1,0,1,1,0.0,1.1235023542850917
2024-03-08,2,0,0,0,-0.00812307490567568,1.114376060504531
2024-03-11,1,0,0,1,0.0,1.114376060504531
2024-03-12,0,2,2,1,0.0,1.114376060504531
2024-03-13,1,2,1,1,0.0,1.114376060504531
2024-03-14,1,0,0,0,-0.005442169518674448,1.1083114370757126
2024-03-15,2,2,1,1,0.0,1.1083114370757126
2024-03-18,2,2,2,1,0.0,1.1083114370757126
2024-03-19,2,2,2,2,0.010750276175163508,1.1202260911123687
2024-03-20,1,2,1,1,0.0,1.1202260911123687
2024-03-21,1,2,2,1,0.0,1.1202260911123687
2024-03-22,1,2,1,1,0.0,1.1202260911123687
2024-03-25,1,1,1,1,0.0,1.1202260911123687
2024-03-26,1,2,2,2,0.009756748002145458,1.1311558547887806
2024-03-27,0,2,2,1,0.0,1.1311558547887806
2024-03-28,0,2,2,1,0.0,1.1311558547887806
2024-04-01,0,1,1,1,0.0,1.1311558547887806
2024-04-02,1,2,1,1,0.0,1.1311558547887806
2024-04-03,1,2,2,2,-0.0017461603585526722,1.1291806752758036
2024-04-04,2,2,2,1,0.0,1.1291806752758036
2024-04-05,0,2,2,1,0.0,1.1291806752758036
2024-04-08,1,2,2,2,-0.0006401054202944391,1.1284578806050678
2024-04-09,0,2,2,1,0.0,1.1284578806050678
2024-04-10,0,2,2,1,0.0,1.1284578806050678
2024-04-11,0,2,2,2,-0.028399345396999814,1.096410415487798
2024-04-12,0,2,2,1,0.0,1.096410415487798
2024-04-15,0,2,2,1,0.0,1.096410415487798
2024-04-16,0,2,2,2,-0.01666468831027227,1.0781390776535578
2024-04-17,1,2,2,1,0.0,1.0781390776535578
2024-04-18,2,2,2,1,0.0,1.0781390776535578
2024-04-19,2,2,2,2,0.021017730758240014,1.1007991145076175
2024-04-22,1,2,2,1,0.0,1.1007991145076175
2024-04-23,1,2,2,1,0.0,1.1007991145076175
2024-04-24,2,2,2,2,0.008782194302751461,1.1104665462195202
2024-04-25,1,2,2,1,0.0,1.1104665462195202
2024-04-26,0,2,1,1,0.0,1.1104665462195202
2024-04-29,0,2,2,2,-0.01015793598650724,1.0991864981278645
2024-04-30,2,2,2,1,0.0,1.0991864981278645
2024-05-01,2,2,2,1,0.0,1.0991864981278645
2024-05-02,2,2,1,1,0.0,1.0991864981278645
2024-05-03,2,2,2,2,0.011677522354922254,1.1120222730319813
2024-05-06,1,1,1,1,0.0,1.1120222730319813
2024-05-07,1,2,2,1,0.0,1.1120222730319813
2024-05-08,1,2,2,2,0.006505810991883926,1.1192568797590925
2024-05-09,1,2,2,1,0.0,1.1192568797590925
2024-05-10,2,2,1,1,0.0,1.1192568797590925
2024-05-13,2,2,2,2,0.014494175322729726,1.1354795852054922
2024-05-14,2,0,1,1,0.0,1.1354795852054922
2024-05-15,1,2,1,1,0.0,1.1354795852054922
2024-05-16,1,1,1,1,0.0,1.1354795852054922
2024-05-17,1,2,1,1,0.0,1.1354795852054922
2024-05-20,1,1,1,1,0.0,1.1354795852054922
2024-05-21,1,1,1,1,0.0,1.1354795852054922
2024-05-22,1,2,2,2,-0.000431420118364972,1.134989716468442
2024-05-23,1,1,1,1,0.0,1.134989716468442
2024-05-24,0,2,2,1,0.0,1.134989716468442
2024-05-28,1,1,1,1,0.0,1.134989716468442
2024-05-29,1,2,2,2,0.003123193958790416,1.1385345094942054
2024-05-30,2,2,1,1,0.0,1.1385345094942054
2024-05-31,2,2,2,1,0.0,1.1385345094942054
2024-06-03,2,0,0,0,-0.013165775803359635,1.1235448193978166
2024-06-04,2,0,0,1,0.0,1.1235448193978166
2024-06-05,1,0,0,1,0.0,1.1235448193978166
2024-06-06,1,0,1,1,0.0,1.1235448193978166
2024-06-07,2,0,1,1,0.0,1.1235448193978166
2024-06-10,2,0,1,1,0.0,1.1235448193978166
2024-06-11,2,1,1,1,0.0,1.1235448193978166
2024-06-12,2,0,0,0,-0.009629202823314765,1.1127259784507504
2024-06-13,2,0,0,1,0.0,1.1127259784507504
2024-06-14,1,1,1,1,0.0,1.1127259784507504
2024-06-17,1,1,1,1,0.0,1.1127259784507504
2024-06-18,1,0,0,0,0.004084116333644407,1.1172704807942115
2024-06-20,1,0,0,1,0.0,1.1172704807942115
2024-06-21,1,0,0,1,0.0,1.1172704807942115
2024-06-24,1,0,0,0,-0.00642452908148056,1.1100925440984692
2024-06-25,1,0,0,1,0.0,1.1100925440984692
2024-06-26,1,0,0,1,0.0,1.1100925440984692
2024-06-27,1,0,1,1,0.0,1.1100925440984692
2024-06-28,2,0,0,0,-0.014017089951116255,1.0945322770537775
2024-07-01,2,0,0,1,0.0,1.0945322770537775
2024-07-02,2,1,1,1,0.0,1.0945322770537775
2024-07-03,1,1,1,1,0.0,1.0945322770537775
2024-07-05,2,1,1,1,0.0,1.0945322770537775
2024-07-08,1,1,1,1,0.0,1.0945322770537775
2024-07-09,1,1,1,1,0.0,1.0945322770537775
2024-07-10,1,1,1,1,0.0,1.0945322770537775
2024-07-11,2,0,1,1,0.0,1.0945322770537775
2024-07-12,1,0,0,0,0.0048225093100255235,1.099810669149993
2024-07-15,0,0,1,1,0.0,1.099810669149993
2024-07-16,0,1,1,1,0.0,1.099810669149993
2024-07-17,1,0,0,0,0.004269633213473709,1.1045064573115284
2024-07-18,1,0,0,1,0.0,1.1045064573115284
2024-07-19,0,0,1,1,0.0,1.1045064573115284
2024-07-22,0,2,2,2,-0.029686873678912228,1.0717171136357782
2024-07-23,0,2,2,1,0.0,1.0717171136357782
2024-07-24,1,2,2,1,0.0,1.0717171136357782
2024-07-25,1,2,2,2,0.006893537414935226,1.0791050356568528
2024-07-26,2,2,2,1,0.0,1.0791050356568528
2024-07-29,1,1,1,1,0.0,1.0791050356568528
2024-07-30,0,0,0,0,0.01653285675574863,1.0969457246357746
2024-07-31,0,0,1,1,0.0,1.0969457246357746
2024-08-01,0,0,0,1,0.0,1.0969457246357746
2024-08-02,0,0,0,0,0.02750554692776231,1.127117816741952
2024-08-05,2,0,1,1,0.0,1.127117816741952
2024-08-06,2,0,0,1,0.0,1.127117816741952
2024-08-07,2,0,0,0,-0.027866167269689393,1.0957093631279737
2024-08-08,2,0,1,1,0.0,1.0957093631279737
2024-08-09,2,0,0,1,0.0,1.0957093631279737
2024-08-12,2,0,1,1,0.0,1.0957093631279737
2024-08-13,2,2,1,1,0.0,1.0957093631279737
2024-08-14,2,0,0,0,-0.028053922792771746,1.0649704172514645
2024-08-15,2,0,0,1,0.0,1.0649704172514645
2024-08-16,2,0,0,1,0.0,1.0649704172514645
2024-08-19,1,0,0,0,0.006706167392903312,1.072112287138043
2024-08-20,1,0,0,1,0.0,1.072112287138043
2024-08-21,1,0,0,1,0.0,1.072112287138043
2024-08-22,2,0,0,0,-0.009901854475424876,1.0614963872894871
2024-08-23,1,0,0,1,0.0,1.0614963872894871
2024-08-26,1,0,0,1,0.0,1.0614963872894871
2024-08-27,1,0,0,0,-0.00401722393985994,1.057232118590393
2024-08-28,0,0,0,1,0.0,1.057232118590393
2024-08-29,0,0,0,1,0.0,1.057232118590393
2024-08-30,0,0,0,0,0.02271972246011665,1.0812521389006877
2024-09-03,0,0,0,1,0.0,1.0812521389006877
2024-09-04,0,0,0,1,0.0,1.0812521389006877
2024-09-05,1,0,0,0,0.0014336813893090436,1.0828023099693802
2024-09-06,2,0,0,1,0.0,1.0828023099693802
2024-09-09,2,0,0,1,0.0,1.0828023099693802
2024-09-10,2,0,0,0,-0.023746615340531727,1.057089420024698
2024-09-11,2,0,0,1,0.0,1.057089420024698
2024-09-12,1,0,0,1,0.0,1.057089420024698
2024-09-13,1,0,0,0,0.0013793505674188076,1.0585475169160217
2024-09-16,2,2,2,1,0.0,1.0585475169160217
2024-09-17,2,2,2,1,0.0,1.0585475169160217
2024-09-18,2,0,0,0,-0.017854293460671102,1.0396478989069382
2024-09-19,1,0,0,1,0.0,1.0396478989069382
2024-09-20,1,0,0,1,0.0,1.0396478989069382
2024-09-23,1,0,0,0,-0.0046865376820700725,1.0347755498526259
2024-09-24,1,0,0,1,0.0,1.0347755498526259
2024-09-25,1,0,0,1,0.0,1.0347755498526259
2024-09-26,1,0,0,0,0.0063738482361561846,1.0413710521658717
2024-09-27,1,0,0,1,0.0,1.0413710521658717
2024-09-30,0,0,0,1,0.0,1.0413710521658717
2024-10-01,1,2,1,1,0.0,1.0413710521658717
2024-10-02,1,2,2,2,-0.002381995320674399,1.0388905111925268
2024-10-03,2,2,2,1,0.0,1.0388905111925268
2024-10-04,1,2,2,1,0.0,1.0388905111925268
2024-10-07,2,2,2,2,0.014766634505715035,1.0542314276627625
2024-10-08,2,2,2,1,0.0,1.0542314276627625
2024-10-09,1,2,2,1,0.0,1.0542314276627625
2024-10-10,2,2,2,2,0.006091636253539798,1.0606534220471338
2024-10-11,1,2,1,1,0.0,1.0606534220471338
2024-10-15,2,2,2,1,0.0,1.0606534220471338
2024-10-16,1,2,2,2,0.001970016996536424,1.0627429273160012
2024-10-17,1,2,2,1,0.0,1.0627429273160012
2024-10-18,0,0,0,1,0.0,1.0627429273160012
2024-10-21,1,0,0,0,0.007536772816904498,1.070752579321954
2024-10-22,1,0,1,1,0.0,1.070752579321954
2024-10-23,1,2,1,1,0.0,1.070752579321954
2024-10-24,1,2,1,1,0.0,1.070752579321954
2024-10-25,1,0,0,0,-0.0009555251226772862,1.0697294483322404
2024-10-28,0,0,0,1,0.0,1.0697294483322404
2024-10-29,0,0,0,1,0.0,1.0697294483322404
2024-10-30,0,0,0,0,0.017369403806155953,1.0883100110836597
2024-10-31,2,2,2,1,0.0,1.0883100110836597
2024-11-01,2,2,2,1,0.0,1.0883100110836597
2024-11-04,2,2,2,2,0.04558450728482855,1.1379200867120547
2024-11-05,2,2,2,1,0.0,1.1379200867120547
2024-11-06,2,2,2,1,0.0,1.1379200867120547
2024-11-07,1,2,1,1,0.0,1.1379200867120547
2024-11-08,1,1,1,1,0.0,1.1379200867120547
2024-11-12,0,0,1,1,0.0,1.1379200867120547
2024-11-13,0,0,1,1,0.0,1.1379200867120547
2024-11-14,1,2,2,2,-0.005410829044887105,1.1317629956561126
2024-11-15,1,2,2,1,0.0,1.1317629956561126
2024-11-18,2,2,2,1,0.0,1.1317629956561126
2024-11-19,2,2,2,2,0.008849085758965503,1.1417780634634973
2024-11-20,2,2,2,1,0.0,1.1417780634634973
2024-11-21,2,2,2,1,0.0,1.1417780634634973
2024-11-22,1,2,2,2,0.0049252331739468155,1.1474015866589526
2024-11-25,1,2,2,1,0.0,1.1474015866589526
2024-11-26,1,2,2,1,0.0,1.1474015866589526
2024-11-27,2,2,2,2,0.00806997237375686,1.1566610857648953
2024-11-29,2,2,2,1,0.0,1.1566610857648953
2024-12-02,1,2,2,1,0.0,1.1566610857648953
2024-12-03,1,2,2,2,0.006676188205570326,1.1643831728635212
2024-12-04,1,1,1,1,0.0,1.1643831728635212
2024-12-05,1,1,1,1,0.0,1.1643831728635212
2024-12-06,1,0,0,0,0.0009983265282986526,1.1655456074740955
2024-12-09,1,0,0,1,0.0,1.1655456074740955
2024-12-10,1,0,0,1,0.0,1.1655456074740955
2024-12-11,1,0,0,0,0.0016616613515707053,1.1674823495635283
2024-12-12,1,0,0,1,0.0,1.1674823495635283
2024-12-13,0,0,0,1,0.0,1.1674823495635283
2024-12-16,0,0,0,0,0.0340792346063206,1.2072692544530421
2024-12-17,0,0,0,1,0.0,1.2072692544530421
2024-12-18,2,2,2,1,0.0,1.2072692544530421
2024-12-19,2,2,2,2,0.029479734149593286,1.2428592311212956
2024-12-20,2,2,2,1,0.0,1.2428592311212956
2024-12-23,1,2,2,1,0.0,1.2428592311212956
2024-12-24,0,2,2,2,-0.011456910031219073,1.2286199047288688
2024-12-26,0,2,1,1,0.0,1.2286199047288688
2024-12-27,0,1,1,1,0.0,1.2286199047288688
2024-12-30,1,2,1,1,0.0,1.2286199047288688
2024-12-31,2,0,0,0,-0.010344127944711328,1.2159109032389344
2025-01-02,1,2,2,1,0.0,1.2159109032389344
2025-01-03,1,2,1,1,0.0,1.2159109032389344
2025-01-06,0,2,2,2,-0.009560878794807274,1.2042857264677822
2025-01-07,0,2,2,1,0.0,1.2042857264677822
2025-01-08,0,0,1,1,0.0,1.2042857264677822
2025-01-10,2,2,2,2,0.021086197514316087,1.2296795331597536
2025-01-13,2,2,2,1,0.0,1.2296795331597536
2025-01-14,2,2,2,1,0.0,1.2296795331597536
2025-01-15,2,2,2,2,0.007857261500140824,1.239341446813161
2025-01-16,2,2,2,1,0.0,1.239341446813161
2025-01-17,2,2,2,1,0.0,1.239341446813161
2025-01-21,2,0,1,1,0.0,1.239341446813161
2025-01-22,0,2,2,2,-0.012173155855577019,1.224254750222828
2025-01-23,0,2,1,1,0.0,1.224254750222828
2025-01-24,0,2,2,1,0.0,1.224254750222828
2025-01-27,2,2,2,2,0.009794976086133613,1.2362462962245961
2025-01-28,1,2,1,1,0.0,1.2362462962245961
2025-01-29,1,0,0,1,0.0,1.2362462962245961
2025-01-30,1,0,1,1,0.0,1.2362462962245961
2025-01-31,1,2,1,1,0.0,1.2362462962245961
2025-02-03,2,0,1,1,0.0,1.2362462962245961
2025-02-04,1,2,2,2,-0.0019691760466029164,1.233811909630369
2025-02-05,1,2,2,1,0.0,1.233811909630369
2025-02-06,1,2,2,1,0.0,1.233811909630369
2025-02-07,1,2,1,1,0.0,1.233811909630369
2025-02-10,2,2,1,1,0.0,1.233811909630369
2025-02-11,1,2,2,2,0.007601529671665156,1.2431907674706781
2025-02-12,2,2,2,1,0.0,1.2431907674706781
2025-02-13,1,2,2,1,0.0,1.2431907674706781
2025-02-14,1,2,2,2,0.004827768826078464,1.2491926051027418
2025-02-18,0,1,1,1,0.0,1.2491926051027418
2025-02-19,0,0,0,1,0.0,1.2491926051027418
2025-02-20,0,0,1,1,0.0,1.2491926051027418
2025-02-21,0,1,1,1,0.0,1.2491926051027418
2025-02-24,0,2,2,2,-0.0203368028715581,1.2237880213441592
2025-02-25,1,2,2,1,0.0,1.2237880213441592
2025-02-26,0,2,2,1,0.0,1.2237880213441592
2025-02-27,0,2,2,2,-0.014231669053966868,1.2063714752321801
2025-02-28,0,2,2,1,0.0,1.2063714752321801
2025-03-03,0,2,2,1,0.0,1.2063714752321801
2025-03-04,1,2,2,2,-0.001375822220885169,1.2047117225499138
2025-03-05,0,2,2,1,0.0,1.2047117225499138
2025-03-06,0,2,2,1,0.0,1.2047117225499138
2025-03-07,0,2,2,2,-0.02961775758904054,1.169030862786755
2025-03-10,0,2,2,1,0.0,1.169030862786755
2025-03-11,2,2,2,1,0.0,1.169030862786755
2025-03-12,2,2,2,2,0.013541034619458383,1.1848607501709658
2025-03-13,2,2,2,1,0.0,1.1848607501709658
2025-03-14,1,2,2,1,0.0,1.1848607501709658
2025-03-17,1,2,2,2,-0.002155017024522643,1.1823073550826588
2025-03-18,2,2,2,1,0.0,1.1823073550826588
2025-03-19,2,2,2,1,0.0,1.1823073550826588
2025-03-20,2,2,2,2,0.02008864076090232,1.2060583028078868
2025-03-21,1,2,2,1,0.0,1.2060583028078868
2025-03-24,0,2,2,1,0.0,1.2060583028078868
2025-03-25,0,2,2,2,-0.0338794914433182,1.165197660857764
2025-03-26,0,2,2,1,0.0,1.165197660857764
2025-03-27,0,2,2,1,0.0,1.165197660857764
2025-03-28,2,2,1,1,0.0,1.165197660857764
2025-03-31,0,0,1,1,0.0,1.165197660857764
2025-04-01,0,0,1,1,0.0,1.165197660857764
2025-04-02,0,2,1,1,0.0,1.165197660857764
2025-04-03,0,2,1,1,0.0,1.165197660857764
2025-04-04,2,2,1,1,0.0,1.165197660857764
2025-04-07,2,2,1,1,0.0,1.165197660857764
2025-04-08,2,2,1,1,0.0,1.165197660857764
