date_prediction,action_rl,trade_return,cumulative_return,y_true,y_pred_lgbm
2023-01-03 00:00:00,2,0.01855062511822735,1.0185506251182272,,
2023-01-04 00:00:00,2,0.010153236979514015,1.0288922109906848,,
2023-01-05 00:00:00,2,0.029187757541394146,1.0589232673813098,,
2023-01-06 00:00:00,2,0.019134402323443888,1.0791851312090395,,
2023-01-09 00:00:00,2,0.023401265625312657,1.1044394291233501,,
2023-01-10 00:00:00,2,0.020371266923678,1.1269382595350563,,
2023-01-11 00:00:00,2,0.007426417121830696,1.1353073731209136,,
2023-01-12 00:00:00,2,0.001958251588838389,1.1375305905881474,,
2023-01-13 00:00:00,2,-0.017561489970283155,1.1175538585306435,,
2023-01-17 00:00:00,2,-0.004600351146720199,1.1124127183560304,,
2023-01-18 00:00:00,2,0.02314919561530444,1.1381641779782068,,
2023-01-19 00:00:00,2,0.030290944908761535,1.1726402463904706,,
2023-01-20 00:00:00,2,0.01097763488034614,1.1855130628613442,,
2023-01-23 00:00:00,2,0.010104923480161909,1.1974925816462905,,
2023-01-24 00:00:00,2,0.013345973455864241,1.2134742858545362,,
2023-01-25 00:00:00,2,0.00038594719398639686,1.2139426228501364,,
2023-01-26 00:00:00,2,0.003982377799360623,1.2187770010010723,,
2023-01-27 00:00:00,2,0.011951648334248385,1.2333433951149069,,
2023-01-30 00:00:00,2,0.04031832218028478,1.283069731478076,,
2023-01-31 00:00:00,2,0.01468868208263219,1.3019163348536056,,
2023-02-01 00:00:00,2,-0.001973650988805072,1.2993468063919802,,
2023-02-02 00:00:00,2,-0.0037704955568525216,1.2944476250316688,,
2023-02-03 00:00:00,2,-0.004501440179915956,1.2886207464815544,,
2023-02-06 00:00:00,2,-0.007195208452006368,1.2793488515950395,,
2023-02-07 00:00:00,2,-0.0176609123589097,1.256754383650548,,
2023-02-08 00:00:00,2,0.0047185131175803,1.2626843956953795,,
2023-02-09 00:00:00,2,0.013384756293642044,1.2795851186075469,,
2023-02-10 00:00:00,2,0.01396912260831761,1.2974598000171544,,
2023-02-13 00:00:00,2,-0.011331119285934308,1.2827581282544556,,
2023-02-14 00:00:00,2,-0.013790619863970248,1.2650680985302805,,
2023-02-15 00:00:00,2,-0.01651798827093746,1.2441717185168202,,
2023-02-16 00:00:00,2,-0.022753177852230223,1.2158628581266921,,
2023-02-17 00:00:00,2,-0.021583254393880567,1.189620580751673,,
2023-02-21 00:00:00,2,-0.006829553710185087,1.181496003100688,,
2023-02-22 00:00:00,2,-0.0022074537993671266,1.1788879052597063,,
2023-02-23 00:00:00,2,-0.01051017000068697,1.166497592963673,,
2023-02-24 00:00:00,2,-0.0046977225168689015,1.1610177109553341,,
2023-02-27 00:00:00,2,-0.00022346533114711283,1.1607582637480878,,
2023-02-28 00:00:00,2,0.019014392930052845,1.1828293774717997,,
2023-03-01 00:00:00,2,0.024555923848245398,1.2118748455904647,,
2023-03-02 00:00:00,2,0.0012608837223848253,1.2134028788568374,,
2023-03-03 00:00:00,2,-0.01325621761612693,1.1973177462386762,,
2023-03-06 00:00:00,2,-0.03213595823216137,1.1588407931549245,,
2023-03-07 00:00:00,2,-0.03130166683692455,1.1225671447305516,,
2023-03-08 00:00:00,2,-0.034130675941867035,1.0842531692907662,,
2023-03-09 00:00:00,2,0.0002475475934080936,1.0845215735534692,,
2023-03-10 00:00:00,2,0.007856826607552485,1.0930424715090288,,
2023-03-13 00:00:00,2,0.027107501314015476,1.1226721217417344,,
2023-03-14 00:00:00,2,-0.0006761802413094487,1.1219129930355436,,
2023-03-15 00:00:00,2,0.015324052016940854,1.139105246099302,,
2023-03-16 00:00:00,2,0.010754312214176083,1.1513555395606598,,
2023-03-17 00:00:00,2,0.005190693727938757,1.1573318735384848,,
2023-03-20 00:00:00,2,-0.0007212570211195349,1.1564971397989297,,
2023-03-21 00:00:00,2,-0.007964317107427068,1.1472864298437386,,
2023-03-22 00:00:00,2,0.010302354068122637,1.1591061808615413,,
2023-03-23 00:00:00,2,0.005710723727038473,1.165725516030744,,
2023-03-24 00:00:00,2,0.01430879163611827,1.1824056395445344,,
2023-03-27 00:00:00,2,0.018428534363845537,1.2041956425048856,,
2023-03-28 00:00:00,2,0.034759670932371804,1.2460530867765516,,
2023-03-29 00:00:00,2,0.024008010711659842,1.2759683426311799,,
2023-03-30 00:00:00,2,0.012286375525849496,1.2916453688478424,,
2023-03-31 00:00:00,2,-0.004606655499665097,1.2856952036058225,,
2023-04-03 00:00:00,2,-0.004725348514430456,1.2796198456854533,,
2023-04-04 00:00:00,2,0.0010778719625759807,1.2809991120398734,,
2023-04-05 00:00:00,2,0.004579032022784024,1.286864847995062,,
2023-04-06 00:00:00,2,0.0009549093198935516,1.2880936872318558,,
2023-04-10 00:00:00,2,0.009031238588706471,1.2997267686458536,,
2023-04-11 00:00:00,2,0.006984817427795647,1.3088051228308635,,
2023-04-12 00:00:00,2,0.014508944086638286,1.3277945031783223,,
2023-04-13 00:00:00,2,0.0020862139238969415,1.3305645665589265,,
2023-04-14 00:00:00,2,0.004079591809520235,1.3359927268666982,,
2023-04-17 00:00:00,2,-0.005186250654706364,1.329063933712303,,
2023-04-18 00:00:00,2,-0.005138571616939552,1.322234443505431,,
2023-04-19 00:00:00,2,-0.004207460882742899,1.3166711938065665,,
2023-04-20 00:00:00,2,-0.01408307824365882,1.2981284103630168,,
2023-04-21 00:00:00,2,-0.01875641799980131,1.2737801712808305,,
2023-04-24 00:00:00,2,-0.00040849046426752976,1.2732598442272893,,
2023-04-25 00:00:00,2,0.024032169050851825,1.3038590400494208,,
2023-04-26 00:00:00,2,0.027583925804180797,1.3398245910692543,,
2023-04-27 00:00:00,2,-0.0038134666131865867,1.3347152147236854,,
2023-04-28 00:00:00,2,-0.018882445973490165,1.30951252679167,,
2023-05-01 00:00:00,2,-0.025588644436056244,1.2760038763590364,,
2023-05-02 00:00:00,2,0.0040465099740425985,1.2811672387716402,,
2023-05-03 00:00:00,2,0.011579812305200757,1.296002914928188,,
2023-05-04 00:00:00,2,0.014269099332199442,1.3144957092561182,,
2023-05-05 00:00:00,2,0.00033608624206708977,1.3149374931792555,,
2023-05-08 00:00:00,2,-0.0018124171816204851,1.3125542778738604,,
2023-05-09 00:00:00,2,0.001192025661268412,1.3141188762548934,,
2023-05-10 00:00:00,2,-0.0003287747405647491,1.3136868271622815,,
2023-05-11 00:00:00,2,-0.00501624798599446,1.3070970482613014,,
2023-05-12 00:00:00,2,0.008411558638313752,1.3180917717287182,,
2023-05-15 00:00:00,2,0.014933714047323954,1.3377757773358456,,
2023-05-16 00:00:00,2,0.019971308322665533,1.3644929098516134,,
2023-05-17 00:00:00,2,0.008141797483926863,1.3756023347918793,,
2023-05-18 00:00:00,2,-0.012498595539269885,1.3584092375864403,,
2023-05-19 00:00:00,2,-0.018306324565311716,1.3335417571906654,,
2023-05-22 00:00:00,2,-0.009862568080660515,1.3203896108219688,,
2023-05-23 00:00:00,2,0.014441915500177382,1.3394585660087717,,
2023-05-24 00:00:00,2,0.021920946481803774,1.3688207655488436,,
2023-05-25 00:00:00,2,0.0130659067039873,1.3867056499659853,,
2023-05-26 00:00:00,2,-0.006092122364463339,1.3782576694628998,,
2023-05-30 00:00:00,2,0.018273625449253185,1.4034434338872255,,
2023-05-31 00:00:00,2,0.022479373367170187,1.4349919628372798,,
2023-06-01 00:00:00,2,0.014885046229175991,1.4563518845426089,,
2023-06-02 00:00:00,2,-0.0034677286759143993,1.4513016513503585,,
2023-06-05 00:00:00,2,0.004712476872908793,1.4581408768179613,,
2023-06-06 00:00:00,2,0.003503802720177356,1.4632499147885578,,
2023-06-07 00:00:00,2,0.01673340861277173,1.487735073515318,,
2023-06-08 00:00:00,2,0.01748505140284211,1.5137481977495446,,
2023-06-09 00:00:00,2,0.017151054654866816,1.539710575822853,,
2023-06-12 00:00:00,2,0.020030206628780654,1.5705512968051039,,
2023-06-13 00:00:00,2,0.009288163749204827,1.5851388344263557,,
2023-06-14 00:00:00,2,0.008461804404747973,1.5985519691976418,,
2023-06-15 00:00:00,2,-0.008389341712157385,1.5851411704834006,,
2023-06-16 00:00:00,2,-0.009955552307426552,1.569360214645998,,
2023-06-20 00:00:00,2,-0.009200854732235302,1.5549207592884906,,
2023-06-21 00:00:00,2,-0.008445427339629991,1.5417887889970374,,
2023-06-22 00:00:00,2,-0.0007941733727162501,1.5405643413944636,,
2023-06-23 00:00:00,2,0.006561090037707543,1.5506721227472344,,
2023-06-26 00:00:00,2,0.015620912843075846,1.5748950368248562,,
2023-06-27 00:00:00,2,0.016437410839586643,1.6007822335743722,,
2023-06-28 00:00:00,2,0.01798777729422838,1.6295767478884653,,
2023-06-29 00:00:00,2,0.013454045348525847,1.65150114735346,,
2023-06-30 00:00:00,2,-0.0007999448783010756,1.6501800374691262,,
2023-07-03 00:00:00,2,-0.00987523572478742,1.6338841206107801,,
2023-07-05 00:00:00,2,-0.008385776922961207,1.6201827328573695,,
2023-07-06 00:00:00,2,0.006272097555533321,1.6303446770156413,,
2023-07-07 00:00:00,2,0.016642598276177843,1.6574778485269175,,
2023-07-10 00:00:00,2,0.022793871184314602,1.695258185097095,,
2023-07-11 00:00:00,2,0.014903420782515385,1.7205233311646002,,
2023-07-12 00:00:00,2,0.011321124701167728,1.7400015903479833,,
2023-07-13 00:00:00,2,0.009964421827082414,1.757339700174005,,
2023-07-14 00:00:00,2,0.013383945118184479,1.7808598382751406,,
2023-07-17 00:00:00,2,0.002670934980546654,1.7856163991126404,,
2023-07-18 00:00:00,2,-0.004092254367456464,1.7783092026047698,,
2023-07-19 00:00:00,2,-0.002426797439093448,1.7739936063859723,,
2023-07-20 00:00:00,2,0.007186499923444782,1.7867424113024566,,
2023-07-21 00:00:00,2,0.006703676818194735,1.7987201549851901,,
2023-07-24 00:00:00,2,-0.003782951001956174,1.7919156847726503,,
2023-07-25 00:00:00,2,0.0032337490985292314,1.7977102905029243,,
2023-07-26 00:00:00,2,0.004863406347511907,1.8064532861407436,,
2023-07-27 00:00:00,2,0.008665697581821953,1.822107464014128,,
2023-07-28 00:00:00,2,-0.015023218835244465,1.7947335448409114,,
2023-07-31 00:00:00,2,-0.01897375984099066,1.76068070158253,,
2023-08-01 00:00:00,2,-0.02156565839228101,1.7227104630343197,,
2023-08-02 00:00:00,2,0.0011188495863491263,1.7246379169232853,,
2023-08-03 00:00:00,2,-0.0005575999924510874,1.723676258833828,,
2023-08-04 00:00:00,2,-0.002304545685014892,1.7197039681491697,,
2023-08-07 00:00:00,2,-0.010979422970001939,1.7008226108996691,,
2023-08-08 00:00:00,2,-0.007852210536825279,1.6874673936730922,,
2023-08-09 00:00:00,2,0.004926518081677663,1.6957807323002643,,
2023-08-10 00:00:00,2,-0.0069302735396787035,1.684028507962107,,
2023-08-11 00:00:00,2,-0.013377925689760668,1.6614996997231513,,
2023-08-14 00:00:00,2,-0.026585253835612103,1.6173283084582182,,
2023-08-15 00:00:00,2,-0.015356479123556992,1.5924918400534418,,
2023-08-16 00:00:00,2,-0.0010353580482985272,1.5908430408099927,,
2023-08-17 00:00:00,2,0.003933301134004067,1.5971003055464332,,
2023-08-18 00:00:00,2,0.01517258703213238,1.6213324489313818,,
2023-08-21 00:00:00,2,-0.005332088003090538,1.6126873616314135,,
2023-08-22 00:00:00,2,0.004139019967499479,1.61936230682254,,
2023-08-23 00:00:00,2,-0.0006085890640210599,1.6183767806319198,,
2023-08-24 00:00:00,2,0.027721944422222675,1.6632413317988137,,
2023-08-25 00:00:00,2,0.024776972886969523,1.7044514171812801,,
2023-08-28 00:00:00,2,0.016770786765100278,1.7330364084503005,,
2023-08-29 00:00:00,2,0.004033265784735146,1.7400262049002033,,
2023-08-30 00:00:00,2,0.00019931965270145722,1.7403730263190555,,
2023-08-31 00:00:00,2,-0.0024025941951244453,1.7361916161886701,,
2023-09-01 00:00:00,2,-0.011136536813210043,1.7168564543401983,,
2023-09-05 00:00:00,2,-0.008748350074727119,1.7018367930495755,,
2023-09-06 00:00:00,2,0.004922198859895621,1.7102135721720524,,
2023-09-07 00:00:00,2,0.002417305520497897,1.7143476808812943,,
2023-09-08 00:00:00,2,0.0022321320985788052,1.7181743313679134,,
2023-09-11 00:00:00,2,0.003930984760266184,1.7249284484800014,,
2023-09-12 00:00:00,2,-0.002595324498184553,1.7204516994200458,,
2023-09-13 00:00:00,2,-0.003113675042628865,1.7150947719015133,,
2023-09-14 00:00:00,2,-0.013573483611510175,1.6918149611229212,,
2023-09-15 00:00:00,2,-0.010812622644418002,1.6735220043641184,,
2023-09-18 00:00:00,2,-0.027737500615349766,1.6271026867382672,,
2023-09-19 00:00:00,2,-0.027878381006481556,1.581741698100708,,
2023-09-20 00:00:00,2,-0.0147108834294286,1.558472880364482,,
2023-09-21 00:00:00,2,-0.013041620056293302,1.5381478691907315,,
2023-09-22 00:00:00,2,-0.0105439027122177,1.5219297877009794,,
2023-09-25 00:00:00,2,-0.008700926492025229,1.5086875884921696,,
2023-09-26 00:00:00,2,0.0033976642871857542,1.5138136024321098,,
2023-09-27 00:00:00,2,0.00324724280790606,1.5187293227651177,,
2023-09-28 00:00:00,2,-0.01633834844498833,1.49391579389616,,
2023-09-29 00:00:00,2,-0.005666866243236392,1.4854499729134922,,
2023-10-02 00:00:00,2,-0.007042315262763756,1.4749889658971715,,
2023-10-03 00:00:00,2,0.01869032641053698,1.50255699112173,,
2023-10-04 00:00:00,2,0.01049545587804163,1.5183270117262913,,
2023-10-05 00:00:00,2,0.02349596761663215,1.5540015740252702,,
2023-10-06 00:00:00,2,0.015887245053382848,1.5786903778451524,,
2023-10-10 00:00:00,2,-0.006989162501529296,1.567656654254792,,
2023-10-11 00:00:00,2,-0.0007585904229744018,1.5664674449303622,,
2023-10-12 00:00:00,2,0.00542355125465298,1.5749632614066873,,
2023-10-13 00:00:00,2,-0.003045369254971036,1.5701669167126906,,
2023-10-16 00:00:00,2,-0.021865106416138803,1.535835049987667,,
2023-10-17 00:00:00,2,-0.034080314736620446,1.4834933081005541,,
2023-10-18 00:00:00,2,-0.022611610899176023,1.449949134646253,,
2023-10-19 00:00:00,2,-0.0070873829403342685,1.4396727898850086,,
2023-10-20 00:00:00,2,-0.00885149599818751,1.426929531946642,,
2023-10-23 00:00:00,2,-0.01892561082049692,1.399924018956746,,
2023-10-24 00:00:00,2,-0.030677935532136165,1.3569772401533018,,
2023-10-25 00:00:00,2,-0.004765056408504048,1.3505111670589152,,
2023-10-26 00:00:00,2,0.013673357412038432,1.3689771889350608,,
2023-10-27 00:00:00,2,0.029263763680311142,1.4090386138757933,,
2023-10-30 00:00:00,2,0.036229058924045016,1.4600867568441542,,
2023-10-31 00:00:00,2,0.03923411863355759,1.5173719738774643,,
2023-11-01 00:00:00,2,0.030232268484758334,1.5632455707829753,,
2023-11-02 00:00:00,2,0.014035013518888164,1.5851857435022565,,
2023-11-03 00:00:00,2,0.0056076263628908295,1.5940748728675984,,
2023-11-06 00:00:00,2,-0.004267056398756052,1.5872728654812325,,
2023-11-07 00:00:00,2,0.00841871937773073,1.6006356703116056,,
2023-11-08 00:00:00,2,0.0065643315296582535,1.6111427735097277,,
2023-11-09 00:00:00,2,0.0341242583007586,1.6661218256723742,,
2023-11-10 00:00:00,2,0.019849349930085025,1.6991932608162974,,
2023-11-13 00:00:00,2,0.021917565020973223,1.7364354395934383,,
2023-11-14 00:00:00,2,0.00407496572788626,1.7435113544984686,,
2023-11-15 00:00:00,2,0.009882564305092075,1.760741717575958,,
2023-11-16 00:00:00,2,0.006643325438357452,1.7724388978187078,,
2023-11-17 00:00:00,2,0.009437285938460178,1.7891659105058721,,
2023-11-20 00:00:00,2,0.0020319908635574617,1.7928014792894087,,
2023-11-21 00:00:00,2,0.004660426869924328,1.8011566994759294,,
2023-11-22 00:00:00,2,-0.0013584501773368461,1.798709917838115,,
2023-11-24 00:00:00,2,-0.0019212793792961049,1.7952540935636372,,
2023-11-27 00:00:00,2,0.003817139970347498,1.802106829721109,,
2023-11-28 00:00:00,2,0.008724633284432565,1.817829550949797,,
2023-11-29 00:00:00,2,0.004219177929324773,1.825499297270439,,
2023-11-30 00:00:00,2,-0.00013565150241788915,1.8252516655481013,,
2023-12-01 00:00:00,2,-0.0098571680891904,1.807259853075719,,
2023-12-04 00:00:00,2,0.003459698133617925,1.8135124266163676,,
2023-12-05 00:00:00,2,0.00814286714666088,1.828279617375123,,
2023-12-06 00:00:00,2,0.016068286865110065,1.85765693873674,,
2023-12-07 00:00:00,2,0.012672383170444779,1.8811978792636475,,
2023-12-08 00:00:00,2,0.02230918104933853,1.9231658633417719,,
2023-12-11 00:00:00,2,0.021008355870970385,1.9635684161977578,,
2023-12-12 00:00:00,2,0.01625637808615461,1.9954889267695004,,
2023-12-13 00:00:00,2,0.0071105961336580875,2.009678042616945,,
2023-12-14 00:00:00,2,0.010344273187139845,2.0304667013079714,,
2023-12-15 00:00:00,2,-0.004415979015201501,2.0215002029639297,,
2023-12-18 00:00:00,2,0.001305740530600133,2.024139757711556,,
2023-12-19 00:00:00,2,-0.0028815368852081313,2.018307124338894,,
2023-12-20 00:00:00,2,0.011978627387585464,2.0424836733350586,,
2023-12-21 00:00:00,2,0.0058987728445778695,2.054531820562821,,
2023-12-22 00:00:00,2,0.0056682004649662,2.0661773187834234,,
2023-12-26 00:00:00,2,-0.0010304040787475785,2.0640483212467333,,
2023-12-27 00:00:00,2,-0.0024573466946113606,2.0589762389269994,,
2023-12-28 00:00:00,2,-0.008471054533746972,2.0415345389233597,,
2023-12-29 00:00:00,2,-0.013631516944270077,2.0137053262637132,,
2024-01-02 00:00:00,2,-0.009612371305535617,1.9943488429677316,,
2024-01-03 00:00:00,2,0.012482965249888147,2.0192442302706524,,
2024-01-04 00:00:00,2,0.014464587405441777,2.0484517649323366,,
2024-01-05 00:00:00,2,0.018353321660366562,2.0860476590798855,,
2024-01-08 00:00:00,2,0.0035058370824120797,2.0933610023187668,,
2024-01-09 00:00:00,2,0.0057458379323031645,2.105389115371894,,
2024-01-10 00:00:00,2,7.941606936187249e-05,2.105556317099914,,
2024-01-11 00:00:00,2,-0.0029831667880839212,2.099275091424301,,
2024-01-12 00:00:00,2,-0.009327278866265385,2.079694567229582,,
2024-01-16 00:00:00,2,0.015491059221305954,2.111911238932764,,
2024-01-17 00:00:00,2,0.023468091888832178,2.1614737659490952,,
2024-01-18 00:00:00,2,0.01749868378923674,2.199296711898169,,
2024-01-19 00:00:00,2,0.005938197108111426,2.2123565692726417,,
2024-01-22 00:00:00,2,0.009015691162218719,2.2323024928419097,,
2024-01-23 00:00:00,2,0.005420819113210363,2.2444034008615743,,
2024-01-24 00:00:00,2,0.012196726638511091,2.2717777756084274,,
2024-01-25 00:00:00,2,0.006295269793001066,2.286079229615626,,
2024-01-26 00:00:00,2,-0.00926611909482827,2.2648961472137943,,
2024-01-29 00:00:00,2,-0.004411636041810071,2.254904249739789,,
2024-01-30 00:00:00,2,0.006830426778239359,2.2703062081095773,,
2024-01-31 00:00:00,2,0.02005100620311126,2.3158281319713443,,
2024-02-01 00:00:00,2,0.009791720181288047,2.3385040730275626,,
2024-02-02 00:00:00,2,0.007350889930344286,2.3556941590700498,,
2024-02-05 00:00:00,2,0.01114752478915328,2.3819543181039466,,
2024-02-06 00:00:00,2,0.014609713940984972,2.416753989311939,,
2024-02-07 00:00:00,2,0.005361253887263422,2.429710821031697,,
2024-02-08 00:00:00,2,-0.008951788442825712,2.407960563784577,,
2024-02-09 00:00:00,2,-0.005170432319325558,2.3955103666619237,,
2024-02-12 00:00:00,2,0.0015711645461114771,2.399274107619865,,
2024-02-13 00:00:00,2,0.010579064148866158,2.4246561823150894,,
2024-02-14 00:00:00,2,0.0009898186455390787,2.4270561522133662,,
2024-02-15 00:00:00,2,-0.010779945455182646,2.4008926192758406,,
2024-02-16 00:00:00,2,-0.004748714005794521,2.3894914668682765,,
2024-02-20 00:00:00,2,0.022769534057636213,2.4438990742035647,,
2024-02-21 00:00:00,2,0.017610097536677943,2.4869363752700866,,
2024-02-22 00:00:00,2,-0.0017396417455275781,2.4826099969331956,,
2024-02-23 00:00:00,2,-0.003741557890518988,2.473321167910089,,
2024-02-26 00:00:00,2,0.005274697162899859,2.4863671880574043,,
2024-02-27 00:00:00,2,0.011598623976489485,2.515205626139164,,
2024-02-28 00:00:00,2,0.012069690185794523,2.545563378800231,,
2024-02-29 00:00:00,2,-0.0034574536121460614,2.5367622115012516,,
2024-03-01 00:00:00,2,-0.006291572646030603,2.520801987761886,,
2024-03-04 00:00:00,2,0.005147130056510229,2.533776883439606,,
2024-03-05 00:00:00,2,0.008868506380350107,2.556247699896774,,
2024-03-06 00:00:00,2,0.0025819385017888867,2.5628477742532465,,
2024-03-07 00:00:00,2,0.0034727373549235095,2.571747871453878,,
2024-03-08 00:00:00,2,0.00812307490567568,2.5926383720522104,,
2024-03-11 00:00:00,2,0.006358034567627032,2.6091224564430746,,
2024-03-12 00:00:00,2,-0.01124195946524152,2.5797908075478904,,
2024-03-13 00:00:00,2,-0.0030763180793596102,2.571854550445665,,
2024-03-14 00:00:00,2,0.005442169518674448,2.5858510188865647,,
2024-03-15 00:00:00,2,0.02101395064791313,2.640189964580303,,
2024-03-18 00:00:00,2,0.017887425123354686,2.687416164883166,,
2024-03-19 00:00:00,2,0.010750276175163508,2.716306630853259,,
2024-03-20 00:00:00,2,-0.00123074513304739,2.7129635496874718,,
2024-03-21 00:00:00,2,-0.007240196772080104,2.6933211597522537,,
2024-03-22 00:00:00,2,0.0027339636988354325,2.700684602032322,,
2024-03-25 00:00:00,2,0.006929635880646997,2.719399362952876,,
2024-03-26 00:00:00,2,0.009756748002145458,2.745931857254402,,
2024-03-27 00:00:00,2,-0.0008993471708940109,2.743462311207112,,
2024-03-28 00:00:00,2,-0.009238067155850868,2.7181180221366352,,
2024-04-01 00:00:00,2,-0.018414243613678098,2.6680659347062825,,
2024-04-02 00:00:00,2,-0.00028241807273067326,2.6673124246670845,,
2024-04-03 00:00:00,2,-0.0017461603585526722,2.662654869447256,,
2024-04-04 00:00:00,2,0.012181394539631319,2.6950897189348635,,
2024-04-05 00:00:00,2,-0.008396781982585148,2.6724596381414605,,
2024-04-08 00:00:00,2,-0.0006401054202944391,2.6707489822415678,,
2024-04-09 00:00:00,2,-0.01660297344978808,2.6264066077983625,,
2024-04-10 00:00:00,2,-0.019148847794458336,2.576113947419272,,
2024-04-11 00:00:00,2,-0.028399345396999814,2.5029539976444832,,
2024-04-12 00:00:00,2,-0.019752507065835208,2.45351438112055,,
2024-04-15 00:00:00,2,-0.0100161026650282,2.4289397291891235,,
2024-04-16 00:00:00,2,-0.01666468831027227,2.3884622056777496,,
2024-04-17 00:00:00,2,-0.0023117040847656593,2.382940787840576,,
2024-04-18 00:00:00,2,0.01185956155713845,2.411201420800987,,
2024-04-19 00:00:00,2,0.021017730758240014,2.461879403067268,,
2024-04-22 00:00:00,2,0.007547963014737604,2.4804615777483643,,
2024-04-23 00:00:00,2,0.005800190784599257,2.494848728133173,,
2024-04-24 00:00:00,2,0.008782194302751461,2.516758974419611,,
2024-04-25 00:00:00,2,-0.002521577179741031,2.5104127724228062,,
2024-04-26 00:00:00,2,-0.01599420874742621,2.470260706498471,,
2024-04-29 00:00:00,2,-0.01015793598650724,2.445167956371875,,
2024-04-30 00:00:00,2,0.018289469512201624,2.4898887811621506,,
2024-05-01 00:00:00,2,0.032351031552601016,2.5704392516839945,,
2024-05-02 00:00:00,2,0.024386871615840435,2.6331242237111288,,
2024-05-03 00:00:00,2,0.011677522354922254,2.6638725906968026,,
2024-05-06 00:00:00,2,0.006435343646219716,2.681015526247682,,
2024-05-07 00:00:00,2,0.006742868545170979,2.699093261508732,,
2024-05-08 00:00:00,2,0.006505810991883926,2.716653052117575,,
2024-05-09 00:00:00,2,0.00625232009631373,2.733638436590042,,
2024-05-10 00:00:00,2,0.016365108275027535,2.778374725589615,,
2024-05-13 00:00:00,2,0.014494175322729726,2.8186449759745518,,
2024-05-14 00:00:00,2,0.0107858382546776,2.8490464247827725,,
2024-05-15 00:00:00,2,-3.7714705911301817e-06,2.8490356796879683,,
2024-05-16 00:00:00,2,0.004589314558074182,2.862110800609233,,
2024-05-17 00:00:00,2,0.0007051773867777813,2.8641290964242754,,
2024-05-20 00:00:00,2,-0.007590251171689947,2.8423896371942696,,
2024-05-21 00:00:00,2,-0.0031363756816692005,2.833474835458345,,
2024-05-22 00:00:00,2,-0.000431420118364972,2.8322524174094474,,
2024-05-23 00:00:00,2,0.007251586313472004,2.852790740275832,,
2024-05-24 00:00:00,2,-0.007120077591568609,2.8324786488525593,,
2024-05-28 00:00:00,2,-0.005376942734593628,2.81724857336072,,
2024-05-29 00:00:00,2,0.003123193958790416,2.826047387085451,,
2024-05-30 00:00:00,2,0.010669482738858392,2.856199850901155,,
2024-05-31 00:00:00,2,0.014499266307314537,2.897612653166283,,
2024-06-03 00:00:00,2,0.013165775803359635,2.9357619717228483,,
2024-06-04 00:00:00,2,0.010517258816920042,2.9666381402043287,,
2024-06-05 00:00:00,2,0.0012626477956832493,2.9703839593126475,,
2024-06-06 00:00:00,2,0.004177102658046776,2.982791558044512,,
2024-06-07 00:00:00,2,0.013846958295390331,3.024094148352597,,
2024-06-10 00:00:00,2,0.013608105294356502,3.0652463399434264,,
2024-06-11 00:00:00,2,0.010470125551214023,3.0973398539680335,,
2024-06-12 00:00:00,2,0.009629202823314765,3.1271647676346275,,
2024-06-13 00:00:00,2,0.00980715832606957,3.1578333676225268,,
2024-06-14 00:00:00,2,0.010205038387107707,3.1900591783592045,,
2024-06-17 00:00:00,2,-1.0973153688830801e-05,3.190024173349564,,
2024-06-18 00:00:00,2,-0.004084116333644407,3.1769957435184666,,
2024-06-20 00:00:00,2,-0.0007071070773870975,3.174749267343396,,
2024-06-21 00:00:00,2,0.0024301387601458314,3.1824643485917115,,
2024-06-24 00:00:00,2,0.00642452908148056,3.202910183350014,,
2024-06-25 00:00:00,2,-0.0016126057326736616,3.197745152027105,,
2024-06-26 00:00:00,2,-0.000512981004371347,3.1961047695072944,,
2024-06-27 00:00:00,2,0.004767511883157397,3.2113422369757365,,
2024-06-28 00:00:00,2,0.014017089951116255,3.256355909975244,,
2024-07-01 00:00:00,2,0.011311262015534848,3.2931894048888095,,
2024-07-02 00:00:00,2,0.010560913531916644,3.3279684934380644,,
2024-07-03 00:00:00,2,0.006471003897152838,3.349503790528704,,
2024-07-05 00:00:00,2,0.011984540772987662,3.3896460552755725,,
2024-07-08 00:00:00,2,0.0020976594025319986,3.3967563781946764,,
2024-07-09 00:00:00,2,0.006880088743706582,3.420126363517407,,
2024-07-10 00:00:00,2,-0.00047745550277650473,3.4184934053649547,,
2024-07-11 00:00:00,2,0.014801605086867013,3.4690925947432265,,
2024-07-12 00:00:00,2,-0.0048225093100255235,3.452362863407737,,
2024-07-15 00:00:00,2,-0.015383943051169371,3.3992519097251,,
2024-07-16 00:00:00,2,-0.028620869163341067,3.3019623655636208,,
2024-07-17 00:00:00,2,-0.004269633213473709,3.28786419737797,,
2024-07-18 00:00:00,2,0.0020110397593374736,3.294476223002199,,
2024-07-19 00:00:00,2,-0.014145343721616712,3.2478747244451394,,
2024-07-22 00:00:00,2,-0.029686873678912228,3.1514554777756048,,
2024-07-23 00:00:00,2,-0.017394646373278762,3.0966370241785657,,
2024-07-24 00:00:00,2,0.0067089155845172395,3.11741210056967,,
2024-07-25 00:00:00,2,0.006893537414935226,3.138902097522719,,
2024-07-26 00:00:00,2,0.011576945998550836,3.175240997600478,,
2024-07-29 00:00:00,2,-0.0030858862863102614,3.1654425649502524,,
2024-07-30 00:00:00,2,-0.01653285675574863,3.11310875645538,,
2024-07-31 00:00:00,2,-0.060838733579317524,2.9237111622179506,,
2024-08-01 00:00:00,2,-0.03794061409073994,2.8127837652994505,,
2024-08-02 00:00:00,2,-0.02750554692776231,2.7354166094453585,,
2024-08-05 00:00:00,2,0.025640477652904402,2.805553997891226,,
2024-08-06 00:00:00,2,0.019872095267230428,2.8613062342146796,,
2024-08-07 00:00:00,2,0.027866167269689393,2.941039872347111,,
2024-08-08 00:00:00,2,0.021641926475316983,3.0046896410254225,,
2024-08-09 00:00:00,2,0.020779655070334514,3.067126055359338,,
2024-08-12 00:00:00,2,0.03720351116564893,3.181233913806352,,
2024-08-13 00:00:00,2,0.022048277435366033,3.25137464172475,,
2024-08-14 00:00:00,2,0.028053922792771746,3.3425884548940723,,
2024-08-15 00:00:00,2,0.009723572265705,3.3750903552897458,,
2024-08-16 00:00:00,2,0.011990835424449746,3.415560508282673,,
2024-08-19 00:00:00,2,-0.006706167392903312,3.3926551877735394,,
2024-08-20 00:00:00,2,0.0066980420839330215,3.4153793349975206,,
2024-08-21 00:00:00,2,-0.0007134603906128314,3.4129425971230822,,
2024-08-22 00:00:00,2,0.009901854475424876,3.4467370580527734,,
2024-08-23 00:00:00,2,-0.0075301908258989135,3.4207824702789384,,
2024-08-26 00:00:00,2,-0.0044295161522514255,3.4056300590734994,,
2024-08-27 00:00:00,2,0.00401722393985994,3.419311237677116,,
2024-08-28 00:00:00,2,0.010053275251390818,3.4536865147196583,,
2024-08-29 00:00:00,2,-0.011271501512268155,3.4147582819460953,,
2024-08-30 00:00:00,2,-0.02271972246011665,3.337175921511895,,
2024-09-03 00:00:00,2,-0.02179630598956183,3.264437813985624,,
2024-09-04 00:00:00,2,-0.008880325990837943,3.235448542020613,,
2024-09-05 00:00:00,2,-0.0014336813893090436,3.230809939659851,,
2024-09-06 00:00:00,2,0.026941317989780837,3.3178522176087717,,
2024-09-09 00:00:00,2,0.022794521232588794,3.393481070429647,,
2024-09-10 00:00:00,2,0.023746615340531727,3.4740647600745156,,
2024-09-11 00:00:00,2,0.014216441207441886,3.5234535974869607,,
2024-09-12 00:00:00,2,0.0069374515929856205,3.5478973862596574,,
2024-09-13 00:00:00,2,-0.0013793505674188076,3.5430035919867766,,
2024-09-16 00:00:00,2,0.014299486641087713,3.5936667245197174,,
2024-09-17 00:00:00,2,0.012062962211927255,3.637016990419859,,
2024-09-18 00:00:00,2,0.017854293460671102,3.7019533590882623,,
2024-09-19 00:00:00,2,0.003376138258783997,3.714451665456114,,
2024-09-20 00:00:00,2,0.003456341744056036,3.7272900798037085,,
2024-09-23 00:00:00,2,0.0046865376820700725,3.744758165214715,,
2024-09-24 00:00:00,2,0.000913973471347217,3.748180774834332,,
2024-09-25 00:00:00,2,0.0070287292942139,3.7745257228464193,,
2024-09-26 00:00:00,2,-0.0063738482361561846,3.7504674687255286,,
2024-09-27 00:00:00,2,-0.0049893752193286255,3.7317549792761713,,
2024-09-30 00:00:00,2,-0.010852972899597418,3.6912543436181493,,
2024-10-01 00:00:00,2,0.0074131507280490476,3.7186181684429562,,
2024-10-02 00:00:00,2,-0.002381995320674399,3.7097604373663504,,
2024-10-03 00:00:00,2,0.008980786101690182,3.7430770023428503,,
2024-10-04 00:00:00,2,0.007123929302895495,3.769742418282835,,
2024-10-07 00:00:00,2,0.014766634505715035,3.8254088267543085,,
2024-10-08 00:00:00,2,0.011110843198780402,3.8679123443996057,,
2024-10-09 00:00:00,2,0.003969196680047661,3.883264849235712,,
2024-10-10 00:00:00,2,0.006091636253539798,3.9069202861734125,,
2024-10-11 00:00:00,2,0.0047188803327449635,3.9253565754734385,,
2024-10-15 00:00:00,2,0.008496637853062374,3.9587089087393736,,
2024-10-16 00:00:00,2,0.001970016996536424,3.9665076325739306,,
2024-10-17 00:00:00,2,0.0016656732142578017,3.9731145380916577,,
2024-10-18 00:00:00,2,-0.011466971013860475,3.927554948848613,,
2024-10-21 00:00:00,2,-0.007536772816904498,3.897953859473232,,
2024-10-22 00:00:00,2,-0.007362605394960202,3.869254763358168,,
2024-10-23 00:00:00,2,0.004502019520402226,3.8866742238322156,,
2024-10-24 00:00:00,2,0.003969124752817413,3.902100918700166,,
2024-10-25 00:00:00,2,0.0009555251226772862,3.905829474159207,,
2024-10-28 00:00:00,2,-0.020274648979098683,3.826640152598411,,
2024-10-29 00:00:00,2,-0.01785042801582478,3.7583329880119885,,
2024-10-30 00:00:00,2,-0.017369403806155953,3.693052984705212,,
2024-10-31 00:00:00,2,0.013550126224222624,3.7430943188007095,,
2024-11-01 00:00:00,2,0.034953260927560535,3.8739276712022197,,
2024-11-04 00:00:00,2,0.04558450728482855,4.050518755351036,,
2024-11-05 00:00:00,2,0.036795627358125735,4.199560134080032,,
2024-11-06 00:00:00,2,0.011215980928088821,4.246662320450236,,
2024-11-07 00:00:00,2,0.0018231967555713854,4.254404821414887,,
2024-11-08 00:00:00,2,-0.001694619030780204,4.247195226039874,,
2024-11-12 00:00:00,2,-0.018945571892187586,4.16672968354478,,
2024-11-13 00:00:00,2,-0.015330650254714083,4.10285100806042,,
2024-11-14 00:00:00,2,-0.005410829044887105,4.080651182659163,,
2024-11-15 00:00:00,2,0.007919052019332897,4.112966071647393,,
2024-11-18 00:00:00,2,0.009347369300125417,4.1514114844379675,,
2024-11-19 00:00:00,2,0.008849085758965503,4.188147680684514,,
2024-11-20 00:00:00,2,0.011874083045550918,4.237878094051993,,
2024-11-21 00:00:00,2,0.012258106775054137,4.289826456228546,,
2024-11-22 00:00:00,2,0.0049252331739468155,4.310954851801238,,
2024-11-25 00:00:00,2,0.0018990169247865012,4.319141428026799,,
2024-11-26 00:00:00,2,0.0017852309439814055,4.326852092955544,,
2024-11-27 00:00:00,2,0.00806997237375686,4.361769669811028,,
2024-11-29 00:00:00,2,0.00896998408814929,4.4008946743454045,,
2024-12-02 00:00:00,2,0.004623659308770119,4.4212429119733585,,
2024-12-03 00:00:00,2,0.006676188205570326,4.450759961756237,,
2024-12-04 00:00:00,2,-0.005527017283090143,4.426160534524724,,
2024-12-05 00:00:00,2,-0.006617116058134558,4.39687211657584,,
2024-12-06 00:00:00,2,-0.0009983265282986526,4.392482602500325,,
2024-12-09 00:00:00,2,-0.0002643544165862592,4.3913214303245764,,
2024-12-10 00:00:00,2,0.002681015471828301,4.403094631021047,,
2024-12-11 00:00:00,2,-0.0016616613515707053,4.3957781788453705,,
2024-12-12 00:00:00,2,-0.00010578586552365214,4.395313167646071,,
2024-12-13 00:00:00,2,-0.02956982826569852,4.2653445121048135,,
2024-12-16 00:00:00,2,-0.0340792346063206,4.119984835800012,,
2024-12-17 00:00:00,2,-0.019793007371335325,4.038437945575232,,
2024-12-18 00:00:00,2,0.01735471534445174,4.108523886556923,,
2024-12-19 00:00:00,2,0.029479734149593286,4.229642078479875,,
2024-12-20 00:00:00,2,0.01841050433046683,4.307511922282053,,
2024-12-23 00:00:00,2,0.010632620876599268,4.353312063473109,,
2024-12-24 00:00:00,2,-0.011456910031219073,4.303436558824077,,
2024-12-26 00:00:00,2,-0.025831493190771618,4.192272366657895,,
2024-12-27 00:00:00,2,-0.014940940181284694,4.129635876004007,,
2024-12-30 00:00:00,2,-0.006499158125791027,4.1027967194439166,,
2024-12-31 00:00:00,2,0.010344127944711328,4.145236573640987,,
2025-01-02 00:00:00,2,0.006897782555481875,4.173829514166993,,
2025-01-03 00:00:00,2,-0.004075782287179178,4.156817893763446,,
2025-01-06 00:00:00,2,-0.009560878794807274,4.117075061709087,,
2025-01-07 00:00:00,2,-0.013875331327608459,4.05994928112724,,
2025-01-08 00:00:00,2,-0.013860479897985046,4.0036764357293375,,
2025-01-10 00:00:00,2,0.021086197514316087,4.08809874783654,,
2025-01-13 00:00:00,2,0.0173262188854807,4.158930041567015,,
2025-01-14 00:00:00,2,0.02631394217751883,4.2683678862011565,,
2025-01-15 00:00:00,2,0.007857261500140824,4.301905568861843,,
2025-01-16 00:00:00,2,0.018846889949005203,4.382983109689195,,
2025-01-17 00:00:00,2,0.014959987493038117,4.448552482192343,,
2025-01-21 00:00:00,2,0.008596120832581313,4.486792776859348,,
2025-01-22 00:00:00,2,-0.012173155855577019,4.432174349094962,,
2025-01-23 00:00:00,2,-0.008336686319608514,4.395224701832742,,
2025-01-24 00:00:00,2,-0.010150424078096314,4.350611307190615,,
2025-01-27 00:00:00,2,0.009794976086133613,4.393225440904609,,
2025-01-28 00:00:00,2,-0.004477876177409036,4.3735531213607945,,
2025-01-29 00:00:00,2,-0.007408169797696682,4.341153097218507,,
2025-01-30 00:00:00,2,-0.005483298851931789,4.317349257424469,,
2025-01-31 00:00:00,2,0.0034682711711780893,4.332322995389902,,
2025-02-03 00:00:00,2,0.014846770095233486,4.396643998880749,,
2025-02-04 00:00:00,2,-0.0019691760466029164,4.387986232832712,,
2025-02-05 00:00:00,2,0.0008182755619884822,4.391576814733381,,
2025-02-06 00:00:00,2,-0.0024771350792682422,4.380698285752303,,
2025-02-07 00:00:00,2,0.004311321369315922,4.399584883884193,,
2025-02-10 00:00:00,2,0.008016214333645442,4.434852899292476,,
2025-02-11 00:00:00,2,0.007601529671665156,4.468564565195918,,
2025-02-12 00:00:00,2,0.010353598207582677,4.514830287268598,,
2025-02-13 00:00:00,2,0.0023728680658366484,4.5255433838799295,,
2025-02-14 00:00:00,2,0.004827768826078464,4.547391661149691,,
2025-02-18 00:00:00,2,-0.018998070639142606,4.460999993147321,,
2025-02-19 00:00:00,2,-0.026187496220164332,4.344177572688622,,
2025-02-20 00:00:00,2,-0.026525457867432333,4.228946273515626,,
2025-02-21 00:00:00,2,-0.009490868371540468,4.188809901083372,,
2025-02-24 00:00:00,2,-0.0203368028715581,4.103622899858609,,
2025-02-25 00:00:00,2,-0.0001259392972587213,4.103106092474386,,
2025-02-26 00:00:00,2,-0.017854058337871643,4.029848996932872,,
2025-02-27 00:00:00,2,-0.014231669053966868,3.972497519671063,,
2025-02-28 00:00:00,2,-0.018787491340582753,3.8978642569197564,,
2025-03-03 00:00:00,2,-0.01900948955307775,3.823767847048525,,
2025-03-04 00:00:00,2,-0.001375822220885169,3.818507022277049,,
2025-03-05 00:00:00,2,-0.03903547354414357,3.6694497924308265,,
2025-03-06 00:00:00,2,-0.029005770607400696,3.5630145734962038,,
2025-03-07 00:00:00,2,-0.02961775758904054,3.4574860715721747,,
2025-03-10 00:00:00,2,-0.016571207377164162,3.4001913528764955,,
2025-03-11 00:00:00,2,0.012000947457056632,3.4409968706463046,,
2025-03-12 00:00:00,2,0.013541034619458383,3.487591528397174,,
2025-03-13 00:00:00,2,0.016868568145960855,3.5464222037592177,,
2025-03-14 00:00:00,2,0.006446264374857828,3.5692833788695153,,
2025-03-17 00:00:00,2,-0.002155017024522643,3.561591512422706,,
2025-03-18 00:00:00,2,0.009421746084643091,3.595147923309973,,
2025-03-19 00:00:00,2,0.016259924078081776,3.6536047555924664,,
2025-03-20 00:00:00,2,0.02008864076090232,3.7270007090098876,,
2025-03-21 00:00:00,2,0.007876429408288657,3.756356166999046,,
2025-03-24 00:00:00,2,-0.012875399498966432,3.707991580688527,,
2025-03-25 00:00:00,2,-0.0338794914433182,3.5823667116586937,,
2025-03-26 00:00:00,2,-0.017567678692108603,3.519432844310968,,
2025-03-27 00:00:00,2,-0.01058088067486691,3.482194145342106,,
2025-03-28 00:00:00,2,0.01613174024137854,3.5383679967648143,,
2025-03-31 00:00:00,2,-0.03837060405710607,3.4025986793526157,,
2025-04-01 00:00:00,2,-0.09923359083717309,3.064946594222633,,
2025-04-02 00:00:00,2,-0.10733969528713559,2.735956160727431,,
2025-04-03 00:00:00,2,-0.07666977950652334,2.5261910051449448,,
2025-04-04 00:00:00,2,0.07544615345530999,2.716782399376534,,
2025-04-07 00:00:00,2,0.04065382086769717,2.8272299843773,,
2025-04-08 00:00:00,2,0.07638117799099299,3.0431771410354953,,
